{"cameraMode":{"drawMode":0,"name":"Shaded","section":"Shading Mode"},"sceneLighting":false,"audioPlay":false,"sceneViewState":{"showFog":true,"showMaterialUpdate":false,"showSkybox":true,"showFlares":true,"showImageEffects":true,"showParticleSystems":true},"in2DMode":false,"pivot":{"x":115.83171081542969,"y":0.0,"z":159.56617736816407},"rotation":{"x":-0.06276281923055649,"y":0.936963677406311,"z":-0.23108860850334168,"w":-0.2544759213924408},"size":2.8578836917877199,"orthographic":false}