{"cameraMode":{"drawMode":0,"name":"Shaded","section":"Shading Mode"},"sceneLighting":false,"audioPlay":false,"sceneViewState":{"showFog":true,"showMaterialUpdate":false,"showSkybox":true,"showFlares":true,"showImageEffects":true,"showParticleSystems":true},"in2DMode":false,"pivot":{"x":115.83171081542969,"y":0.0,"z":159.56617736816407},"rotation":{"x":-0.05031020939350128,"y":0.9249507784843445,"z":-0.35291439294815066,"w":-0.13185758888721467},"size":2.8578836917877199,"orthographic":false}