{"cameraMode":{"drawMode":0,"name":"Shaded","section":"Shading Mode"},"sceneLighting":true,"audioPlay":false,"sceneViewState":{"showFog":true,"showMaterialUpdate":false,"showSkybox":true,"showFlares":true,"showImageEffects":true,"showParticleSystems":true},"in2DMode":false,"pivot":{"x":83.04436492919922,"y":9.157434463500977,"z":123.53919219970703},"rotation":{"x":0.02243763394653797,"y":-0.9398791790008545,"z":0.06297030299901962,"w":0.3349006772041321},"size":29.800954818725587,"orthographic":false}