{"cameraMode":{"drawMode":0,"name":"Shaded","section":"Shading Mode"},"sceneLighting":false,"audioPlay":false,"sceneViewState":{"showFog":true,"showMaterialUpdate":false,"showSkybox":true,"showFlares":true,"showImageEffects":true,"showParticleSystems":true},"in2DMode":false,"pivot":{"x":90.4000015258789,"y":0.8799999952316284,"z":157.38999938964845},"rotation":{"x":0.3072194755077362,"y":-0.16728241741657258,"z":0.054952967911958697,"w":0.9352074861526489},"size":2.8578836917877199,"orthographic":false}