{"cameraMode":{"drawMode":0,"name":"Shaded","section":"Shading Mode"},"sceneLighting":false,"audioPlay":false,"sceneViewState":{"showFog":true,"showMaterialUpdate":false,"showSkybox":true,"showFlares":true,"showImageEffects":true,"showParticleSystems":true},"in2DMode":false,"pivot":{"x":-27.269439697265626,"y":68.9734115600586,"z":-30.10748291015625},"rotation":{"x":-0.017905134707689287,"y":0.9812749624252319,"z":-0.11384420841932297,"w":-0.15433236956596375},"size":426.06903076171877,"orthographic":false}