{"cameraMode":{"drawMode":0,"name":"Shaded","section":"Shading Mode"},"sceneLighting":true,"audioPlay":false,"sceneViewState":{"showFog":true,"showMaterialUpdate":false,"showSkybox":true,"showFlares":true,"showImageEffects":true,"showParticleSystems":true},"in2DMode":false,"pivot":{"x":424.349853515625,"y":14.64990234375,"z":119.504638671875},"rotation":{"x":-0.32412075996398928,"y":0.2199859470129013,"z":-0.0777735561132431,"w":-0.9167896509170532},"size":1126.8046875,"orthographic":false}