{"cameraMode":{"drawMode":0,"name":"Shaded","section":"Shading Mode"},"sceneLighting":false,"audioPlay":false,"sceneViewState":{"showFog":true,"showMaterialUpdate":false,"showSkybox":true,"showFlares":true,"showImageEffects":true,"showParticleSystems":true},"in2DMode":false,"pivot":{"x":102.72000122070313,"y":1.6700000762939454,"z":166.7100067138672},"rotation":{"x":-0.01100428681820631,"y":-0.9339615702629089,"z":0.028866812586784364,"w":-0.3560357093811035},"size":4.041658401489258,"orthographic":false}