{"cameraMode":{"drawMode":0,"name":"Shaded","section":"Shading Mode"},"sceneLighting":false,"audioPlay":false,"sceneViewState":{"showFog":true,"showMaterialUpdate":false,"showSkybox":true,"showFlares":true,"showImageEffects":true,"showParticleSystems":true},"in2DMode":false,"pivot":{"x":-25.903213500976564,"y":70.52452850341797,"z":-30.926361083984376},"rotation":{"x":-0.017505038529634477,"y":0.9816750288009644,"z":-0.11239854991436005,"w":-0.15288671851158143},"size":530.95947265625,"orthographic":false}